filename,width,height,class,xmin,ymin,xmax,ymax
0801_jpg.rf.e3e799ad12fe11d78469e18456264be6.jpg,512,256,Cavity,176,75,200,105
0801_jpg.rf.e3e799ad12fe11d78469e18456264be6.jpg,512,256,Cavity,153,73,177,104
0446_jpg.rf.e8e0015f0f3532236fa3f6f37b72d959.jpg,512,256,Cavity,268,125,278,158
0118_jpg.rf.e7295214c195d69f605efc5a53b025eb.jpg,512,256,Cavity,281,105,296,142
0434_jpg.rf.e97c36d720a9cba9f89e5605ed022861.jpg,512,256,Cavity,169,72,204,108
0821_jpg.rf.e6eda9320cea06684081e57d1ac6d6b6.jpg,512,256,Cavity,357,90,402,133
0578_jpg.rf.e7fa4b7b3d1c15d9cdfe55f6104fae87.jpg,512,256,Cavity,183,129,211,178
0605_jpg.rf.e7223373f2490db1fdfa4ff525f961df.jpg,512,256,Cavity,332,102,361,139
0334_jpg.rf.eb62c646bfaa9db3c3d803a3cec6d515.jpg,512,256,Cavity,282,103,300,137
0334_jpg.rf.eb62c646bfaa9db3c3d803a3cec6d515.jpg,512,256,Cavity,317,109,337,150
0943_jpg.rf.ea8cbb9a0d4c26887983b0b59caa5773.jpg,512,256,Cavity,276,48,289,89
0943_jpg.rf.ea8cbb9a0d4c26887983b0b59caa5773.jpg,512,256,Cavity,290,43,303,80
0943_jpg.rf.ea8cbb9a0d4c26887983b0b59caa5773.jpg,512,256,Cavity,301,45,318,84
0943_jpg.rf.ea8cbb9a0d4c26887983b0b59caa5773.jpg,512,256,Cavity,144,105,166,135
0943_jpg.rf.ea8cbb9a0d4c26887983b0b59caa5773.jpg,512,256,Cavity,170,51,202,92
0943_jpg.rf.ea8cbb9a0d4c26887983b0b59caa5773.jpg,512,256,Cavity,331,57,368,93
0911_jpg.rf.ec4ab2c30ea9fe4085ecb06c56173c3d.jpg,512,256,Cavity,273,120,291,183
0911_jpg.rf.ec4ab2c30ea9fe4085ecb06c56173c3d.jpg,512,256,Cavity,250,120,273,187
0911_jpg.rf.ec4ab2c30ea9fe4085ecb06c56173c3d.jpg,512,256,Cavity,351,62,385,115
0219_jpg.rf.eab99a818ba68415273c66599ad2142c.jpg,512,256,Cavity,285,58,298,90
0219_jpg.rf.eab99a818ba68415273c66599ad2142c.jpg,512,256,Cavity,272,64,286,93
0066_jpg.rf.ef19ffd9d9e9ee6a94b1ce84598a0393.jpg,512,256,Cavity,365,118,399,177
0427_jpg.rf.efad35fbaa659d427ddb4a1a9a833cb8.jpg,512,256,Cavity,274,140,290,200
0427_jpg.rf.efad35fbaa659d427ddb4a1a9a833cb8.jpg,512,256,Cavity,291,139,310,205
0267_jpg.rf.efdea5f052db2a839712ea373345c2aa.jpg,512,256,Cavity,349,65,375,106
0524_jpg.rf.ea6b61b916cc574ef51a7dd4f75e5d9b.jpg,512,256,Cavity,316,109,328,148
0524_jpg.rf.ea6b61b916cc574ef51a7dd4f75e5d9b.jpg,512,256,Cavity,190,121,204,151
0232_jpg.rf.efd953a42b9eb153af3a760fd6a713f0.jpg,512,256,Cavity,366,117,385,154
0232_jpg.rf.efd953a42b9eb153af3a760fd6a713f0.jpg,512,256,Cavity,347,116,367,153
0925_jpg.rf.f1d268045c8533997cc4b934f26fd87f.jpg,512,256,Cavity,194,141,205,171
0925_jpg.rf.f1d268045c8533997cc4b934f26fd87f.jpg,512,256,Cavity,204,139,224,176
0925_jpg.rf.f1d268045c8533997cc4b934f26fd87f.jpg,512,256,Cavity,271,146,289,177
0925_jpg.rf.f1d268045c8533997cc4b934f26fd87f.jpg,512,256,Cavity,308,85,319,113
0925_jpg.rf.f1d268045c8533997cc4b934f26fd87f.jpg,512,256,Cavity,160,82,172,103
0925_jpg.rf.f1d268045c8533997cc4b934f26fd87f.jpg,512,256,Cavity,171,82,184,105
0925_jpg.rf.f1d268045c8533997cc4b934f26fd87f.jpg,512,256,Cavity,189,78,204,109
0925_jpg.rf.f1d268045c8533997cc4b934f26fd87f.jpg,512,256,Cavity,224,142,239,174
0036_jpg.rf.f4139bfaa14c126ac7e7b89cc4f4e951.jpg,512,256,Cavity,109,127,140,164
0036_jpg.rf.f4139bfaa14c126ac7e7b89cc4f4e951.jpg,512,256,Cavity,340,64,373,112
0781_jpg.rf.f5059bd2e671c00749a12fddba5c82c3.jpg,512,256,Cavity,187,104,205,129
0781_jpg.rf.f5059bd2e671c00749a12fddba5c82c3.jpg,512,256,Cavity,203,99,217,137
0781_jpg.rf.f5059bd2e671c00749a12fddba5c82c3.jpg,512,256,Cavity,295,158,308,178
0509_jpg.rf.f39d274e6b2564eb599228e7de6e9bc4.jpg,512,256,Cavity,114,74,155,114
0509_jpg.rf.f39d274e6b2564eb599228e7de6e9bc4.jpg,512,256,Cavity,153,126,175,168
0267_jpg.rf.f6a813425844e1a0811081e31d777a64.jpg,512,256,Cavity,137,150,163,191
0033_jpg.rf.f7965451e112e0f39de9a67dbadfa766.jpg,512,256,Cavity,281,168,294,208
0033_jpg.rf.f7965451e112e0f39de9a67dbadfa766.jpg,512,256,Cavity,315,159,328,195
0328_jpg.rf.f69c579b68e9e0c0e6990d813920820f.jpg,512,256,Cavity,282,68,301,120
0666_jpg.rf.f7dd2645e38d04814195f47d40f15cef.jpg,512,256,Cavity,224,96,241,144
0033_jpg.rf.f92547f3c0afeaae38ec23ae7152de73.jpg,512,256,Cavity,218,168,231,208
0033_jpg.rf.f92547f3c0afeaae38ec23ae7152de73.jpg,512,256,Cavity,184,159,197,195
0266_jpg.rf.fa548228b59b51268581cc13a490319e.jpg,512,256,Cavity,116,99,145,152
0266_jpg.rf.fa548228b59b51268581cc13a490319e.jpg,512,256,Cavity,143,95,170,137
0266_jpg.rf.fa548228b59b51268581cc13a490319e.jpg,512,256,Cavity,184,85,201,140
0266_jpg.rf.fa548228b59b51268581cc13a490319e.jpg,512,256,Cavity,201,83,217,141
0266_jpg.rf.fa548228b59b51268581cc13a490319e.jpg,512,256,Cavity,137,155,162,181
0266_jpg.rf.fa548228b59b51268581cc13a490319e.jpg,512,256,Cavity,109,154,124,183
0163_jpg.rf.fc6e324f529b3d1333b55cbf1a88b6ea.jpg,512,256,Cavity,340,120,376,187
0758_jpg.rf.fcda9f24d59ae15e6f0b9386b7e3b6e1.jpg,512,256,Cavity,331,136,348,189
0810_jpg.rf.fd37d0328e848e8187ba6e1c6c023071.jpg,512,256,Cavity,178,45,203,73
0758_jpg.rf.fae5adf223deb9ad1bfdf1eb43c20efc.jpg,512,256,Cavity,331,67,348,120
0613_jpg.rf.fc5367d99a829292b75ef5c8b5b3c730.jpg,512,256,Cavity,330,123,344,163
0974_jpg.rf.ff31d35aecfa18f7a3bb61736cb40dcf.jpg,512,256,Cavity,172,63,187,114
0120_jpg.rf.ff60464b44b406588898d3f183425ad0.jpg,512,256,Cavity,328,120,352,154
0925_jpg.rf.fef131f64b15a7c2c79df01678e53fe5.jpg,512,256,Cavity,194,85,205,115
0925_jpg.rf.fef131f64b15a7c2c79df01678e53fe5.jpg,512,256,Cavity,204,80,224,117
0925_jpg.rf.fef131f64b15a7c2c79df01678e53fe5.jpg,512,256,Cavity,271,79,289,110
0925_jpg.rf.fef131f64b15a7c2c79df01678e53fe5.jpg,512,256,Cavity,308,143,319,171
0925_jpg.rf.fef131f64b15a7c2c79df01678e53fe5.jpg,512,256,Cavity,160,153,172,174
0925_jpg.rf.fef131f64b15a7c2c79df01678e53fe5.jpg,512,256,Cavity,171,151,184,174
0925_jpg.rf.fef131f64b15a7c2c79df01678e53fe5.jpg,512,256,Cavity,189,147,204,178
0925_jpg.rf.fef131f64b15a7c2c79df01678e53fe5.jpg,512,256,Cavity,224,82,239,114
0850_jpg.rf.fe1712112c20f5f9cef831fbad30abee.jpg,512,256,Cavity,187,147,204,189
0893_jpg.rf.fa1c71a9c5bdf584142c15b7be05bdc5.jpg,512,256,Cavity,166,146,198,199
1000_jpg.rf.0008da7c4c09d2052d9e5b195df3e744.jpg,512,256,Cavity,311,93,324,133
1000_jpg.rf.0008da7c4c09d2052d9e5b195df3e744.jpg,512,256,Cavity,323,105,332,130
0578_jpg.rf.048ebf99fea862d376ce6fb4a51973af.jpg,512,256,Cavity,183,78,211,127
0789_jpg.rf.03a2f051f87a81b9cc677242607ccd89.jpg,512,256,Cavity,291,116,309,155
0789_jpg.rf.03a2f051f87a81b9cc677242607ccd89.jpg,512,256,Cavity,318,151,352,188
0789_jpg.rf.03a2f051f87a81b9cc677242607ccd89.jpg,512,256,Cavity,278,170,291,198
0768_jpg.rf.04ff90b4aa9bc6d40760db127a96e259.jpg,512,256,Cavity,85,101,119,163
0768_jpg.rf.04ff90b4aa9bc6d40760db127a96e259.jpg,512,256,Cavity,392,155,416,212
0768_jpg.rf.04ff90b4aa9bc6d40760db127a96e259.jpg,512,256,Cavity,370,162,394,220
0768_jpg.rf.04ff90b4aa9bc6d40760db127a96e259.jpg,512,256,Cavity,114,158,137,218
0666_jpg.rf.073c3d037cb4fa521ce040ef9d539d12.jpg,512,256,Cavity,271,96,288,144
0974_jpg.rf.08aa86b32941f04af43189a63b4f6683.jpg,512,256,Cavity,325,142,340,193
0135_jpg.rf.08f0d1c5777d05556bab731613a50dc8.jpg,512,256,Cavity,348,95,373,132
0393_jpg.rf.0cfec063573bf2c2a7b2c499ffeac0df.jpg,512,256,Cavity,134,57,170,115
0393_jpg.rf.0cfec063573bf2c2a7b2c499ffeac0df.jpg,512,256,Cavity,350,66,373,104
0058_jpg.rf.0bb8e6c8dc4b829c6ad198b419120ad4.jpg,512,256,Cavity,203,61,224,122
0058_jpg.rf.0bb8e6c8dc4b829c6ad198b419120ad4.jpg,512,256,Cavity,165,54,189,110
0956_jpg.rf.0efb56c441557748c500008131bd3931.jpg,512,256,Cavity,379,118,406,159
0925_jpg.rf.0c67cfcbfab96eab732765b2bf3c22ba.jpg,512,256,Cavity,307,141,318,171
0925_jpg.rf.0c67cfcbfab96eab732765b2bf3c22ba.jpg,512,256,Cavity,288,139,308,176
0925_jpg.rf.0c67cfcbfab96eab732765b2bf3c22ba.jpg,512,256,Cavity,223,146,241,177
0925_jpg.rf.0c67cfcbfab96eab732765b2bf3c22ba.jpg,512,256,Cavity,193,85,204,113
0925_jpg.rf.0c67cfcbfab96eab732765b2bf3c22ba.jpg,512,256,Cavity,340,82,352,103
0925_jpg.rf.0c67cfcbfab96eab732765b2bf3c22ba.jpg,512,256,Cavity,328,82,341,105
0925_jpg.rf.0c67cfcbfab96eab732765b2bf3c22ba.jpg,512,256,Cavity,308,78,323,109
0925_jpg.rf.0c67cfcbfab96eab732765b2bf3c22ba.jpg,512,256,Cavity,273,142,288,174
0512_jpg.rf.10171f4ef4e5ea90547b09f90ac23aed.jpg,512,256,Cavity,353,58,390,103
0512_jpg.rf.10171f4ef4e5ea90547b09f90ac23aed.jpg,512,256,Cavity,295,111,314,162
0512_jpg.rf.10171f4ef4e5ea90547b09f90ac23aed.jpg,512,256,Cavity,199,108,219,160
0911_jpg.rf.11ba7bcbbd3056174e462824c85bcdd8.jpg,512,256,Cavity,273,73,291,136
0911_jpg.rf.11ba7bcbbd3056174e462824c85bcdd8.jpg,512,256,Cavity,250,69,273,136
0911_jpg.rf.11ba7bcbbd3056174e462824c85bcdd8.jpg,512,256,Cavity,351,141,385,194
0461_jpg.rf.10ced48f962050dfcda6447bf4d9d79d.jpg,512,256,Cavity,180,157,198,175
0461_jpg.rf.10ced48f962050dfcda6447bf4d9d79d.jpg,512,256,Cavity,336,138,357,161
0461_jpg.rf.10ced48f962050dfcda6447bf4d9d79d.jpg,512,256,Cavity,314,145,346,171
0461_jpg.rf.10ced48f962050dfcda6447bf4d9d79d.jpg,512,256,Cavity,316,72,342,124
0461_jpg.rf.10ced48f962050dfcda6447bf4d9d79d.jpg,512,256,Cavity,195,144,218,195
0974_jpg.rf.1106191cfb2fa2d640fa75593eeb8122.jpg,512,256,Cavity,325,63,340,114
0357_jpg.rf.12be90d62f34d81828a5afbfce8ffcb8.jpg,512,256,Cavity,369,81,392,118
0357_jpg.rf.12be90d62f34d81828a5afbfce8ffcb8.jpg,512,256,Cavity,225,95,240,143
0889_jpg.rf.12f27d0d221632479fd17498a218804c.jpg,512,256,Cavity,226,64,235,110
0135_jpg.rf.13af46a49a1466541601112ab05edc2c.jpg,512,256,Cavity,139,124,164,161
0256_jpg.rf.1411d256155537bcb812feea21304d6a.jpg,512,256,Cavity,343,145,368,178
0256_jpg.rf.1411d256155537bcb812feea21304d6a.jpg,512,256,Cavity,354,81,392,128
0256_jpg.rf.1411d256155537bcb812feea21304d6a.jpg,512,256,Cavity,377,101,412,143
0256_jpg.rf.1411d256155537bcb812feea21304d6a.jpg,512,256,Cavity,111,142,124,176
0256_jpg.rf.1411d256155537bcb812feea21304d6a.jpg,512,256,Cavity,122,142,139,176
0256_jpg.rf.1411d256155537bcb812feea21304d6a.jpg,512,256,Cavity,114,79,156,126
0256_jpg.rf.1411d256155537bcb812feea21304d6a.jpg,512,256,Cavity,94,97,132,140
0232_jpg.rf.1632ccd65c8ac4c2d95e98d433ac2726.jpg,512,256,Cavity,127,102,146,139
0232_jpg.rf.1632ccd65c8ac4c2d95e98d433ac2726.jpg,512,256,Cavity,145,103,165,140
0524_jpg.rf.170ba4a857a62c65afffadb34b065f78.jpg,512,256,Cavity,184,109,196,148
0524_jpg.rf.170ba4a857a62c65afffadb34b065f78.jpg,512,256,Cavity,308,121,322,151
0533_jpg.rf.16f92470249954f76c9597cc740efe25.jpg,512,256,Cavity,290,85,313,131
0675_jpg.rf.1711c3279e1efd0569486699732b500c.jpg,512,256,Cavity,228,80,247,122
0639_jpg.rf.15e60af9d988588d7d28aa63a90722fa.jpg,512,256,Cavity,390,112,424,156
0170_jpg.rf.1b40525e90249e5988447b915ee700d8.jpg,512,256,Cavity,317,56,335,98
0170_jpg.rf.1b40525e90249e5988447b915ee700d8.jpg,512,256,Cavity,302,54,316,98
0170_jpg.rf.1b40525e90249e5988447b915ee700d8.jpg,512,256,Cavity,316,103,338,155
0170_jpg.rf.1b40525e90249e5988447b915ee700d8.jpg,512,256,Cavity,183,70,201,98
0170_jpg.rf.1b40525e90249e5988447b915ee700d8.jpg,512,256,Cavity,220,49,239,111
0170_jpg.rf.1b40525e90249e5988447b915ee700d8.jpg,512,256,Cavity,296,116,311,162
0153_jpg.rf.1d12a4e9724531e63687c31b4237c541.jpg,512,256,Cavity,363,61,390,91
0153_jpg.rf.1d12a4e9724531e63687c31b4237c541.jpg,512,256,Cavity,301,59,317,88
0710_jpg.rf.1ec82f15d2399e9df2252f4908e44b03.jpg,512,256,Cavity,207,45,228,112
0492_jpg.rf.1fa07670a31de21c47b50da9cdd71e16.jpg,512,256,Cavity,378,134,389,161
0492_jpg.rf.1fa07670a31de21c47b50da9cdd71e16.jpg,512,256,Cavity,350,137,377,162
0492_jpg.rf.1fa07670a31de21c47b50da9cdd71e16.jpg,512,256,Cavity,284,66,300,117
0492_jpg.rf.1fa07670a31de21c47b50da9cdd71e16.jpg,512,256,Cavity,318,127,333,174
0492_jpg.rf.1fa07670a31de21c47b50da9cdd71e16.jpg,512,256,Cavity,262,65,283,117
0492_jpg.rf.1fa07670a31de21c47b50da9cdd71e16.jpg,512,256,Cavity,238,72,259,117
0492_jpg.rf.1fa07670a31de21c47b50da9cdd71e16.jpg,512,256,Cavity,219,65,239,113
0492_jpg.rf.1fa07670a31de21c47b50da9cdd71e16.jpg,512,256,Cavity,114,84,135,114
0492_jpg.rf.1fa07670a31de21c47b50da9cdd71e16.jpg,512,256,Cavity,333,126,351,173
0492_jpg.rf.1fa07670a31de21c47b50da9cdd71e16.jpg,512,256,Cavity,379,87,400,116
0492_jpg.rf.1fa07670a31de21c47b50da9cdd71e16.jpg,512,256,Cavity,298,64,319,120
0675_jpg.rf.22704579f0b9133fab35e68a1dc08f43.jpg,512,256,Cavity,265,80,284,122
0553_jpg.rf.24fafa4faefd4a63ca1a8fbcbe5d96dc.jpg,512,256,Cavity,204,70,217,107
0553_jpg.rf.24fafa4faefd4a63ca1a8fbcbe5d96dc.jpg,512,256,Cavity,331,65,347,95
0553_jpg.rf.24fafa4faefd4a63ca1a8fbcbe5d96dc.jpg,512,256,Cavity,347,65,361,93
0211_jpg.rf.238d81a960dc8a8d3420ff1a2a53e1fb.jpg,512,256,Cavity,218,66,239,97
0211_jpg.rf.238d81a960dc8a8d3420ff1a2a53e1fb.jpg,512,256,Cavity,195,109,213,159
0758_jpg.rf.28b925a268f6a50419e1597ae8d7e0be.jpg,512,256,Cavity,164,136,181,189
0685_jpg.rf.29c4b7bd3c8ebe349d4fb86f7ed9206e.jpg,512,256,Cavity,351,93,371,124
0328_jpg.rf.642692efd798286d1225538be4a2a746.jpg,512,256,Cavity,282,136,301,188
0170_jpg.rf.6631c1b53387b0cb420a4dda68221a05.jpg,512,256,Cavity,317,158,335,200
0170_jpg.rf.6631c1b53387b0cb420a4dda68221a05.jpg,512,256,Cavity,302,158,316,202
0170_jpg.rf.6631c1b53387b0cb420a4dda68221a05.jpg,512,256,Cavity,316,101,338,153
0170_jpg.rf.6631c1b53387b0cb420a4dda68221a05.jpg,512,256,Cavity,183,158,201,186
0170_jpg.rf.6631c1b53387b0cb420a4dda68221a05.jpg,512,256,Cavity,220,145,239,207
0170_jpg.rf.6631c1b53387b0cb420a4dda68221a05.jpg,512,256,Cavity,296,94,311,140
0163_jpg.rf.6697c199c6927c597f0db104e9c9c8e4.jpg,512,256,Cavity,136,69,172,136
0492_jpg.rf.67ea32802e307f388986c64036f3df02.jpg,512,256,Cavity,123,95,134,122
0492_jpg.rf.67ea32802e307f388986c64036f3df02.jpg,512,256,Cavity,135,94,162,119
0492_jpg.rf.67ea32802e307f388986c64036f3df02.jpg,512,256,Cavity,212,139,228,190
0492_jpg.rf.67ea32802e307f388986c64036f3df02.jpg,512,256,Cavity,179,82,194,129
0492_jpg.rf.67ea32802e307f388986c64036f3df02.jpg,512,256,Cavity,229,139,250,191
0492_jpg.rf.67ea32802e307f388986c64036f3df02.jpg,512,256,Cavity,253,139,274,184
0492_jpg.rf.67ea32802e307f388986c64036f3df02.jpg,512,256,Cavity,273,143,293,191
0492_jpg.rf.67ea32802e307f388986c64036f3df02.jpg,512,256,Cavity,377,142,398,172
0492_jpg.rf.67ea32802e307f388986c64036f3df02.jpg,512,256,Cavity,161,83,179,130
0492_jpg.rf.67ea32802e307f388986c64036f3df02.jpg,512,256,Cavity,112,140,133,169
0492_jpg.rf.67ea32802e307f388986c64036f3df02.jpg,512,256,Cavity,193,136,214,192
0639_jpg.rf.68ca6361225c0091db24695a731008f9.jpg,512,256,Cavity,390,100,424,144
0392_jpg.rf.68e6cc835a56db12def59c79ed7a887c.jpg,512,256,Cavity,194,79,209,106
0392_jpg.rf.68e6cc835a56db12def59c79ed7a887c.jpg,512,256,Cavity,331,129,357,157
0392_jpg.rf.68e6cc835a56db12def59c79ed7a887c.jpg,512,256,Cavity,314,136,337,154
0943_jpg.rf.6a33fd99016f1090e67a2357925d7c09.jpg,512,256,Cavity,276,167,289,208
0943_jpg.rf.6a33fd99016f1090e67a2357925d7c09.jpg,512,256,Cavity,290,176,303,213
0943_jpg.rf.6a33fd99016f1090e67a2357925d7c09.jpg,512,256,Cavity,301,172,318,211
0943_jpg.rf.6a33fd99016f1090e67a2357925d7c09.jpg,512,256,Cavity,144,121,166,151
0943_jpg.rf.6a33fd99016f1090e67a2357925d7c09.jpg,512,256,Cavity,170,164,202,205
0943_jpg.rf.6a33fd99016f1090e67a2357925d7c09.jpg,512,256,Cavity,331,163,368,199
0793_jpg.rf.6b4bb8d3b6d55ae340b7301835294fe8.jpg,512,256,Cavity,105,134,134,185
0793_jpg.rf.6b4bb8d3b6d55ae340b7301835294fe8.jpg,512,256,Cavity,376,132,403,185
0346_jpg.rf.6d397e731328ccbb7d7ab90441eebfe5.jpg,512,256,Cavity,287,64,302,99
0346_jpg.rf.6d397e731328ccbb7d7ab90441eebfe5.jpg,512,256,Cavity,261,58,273,115
0510_jpg.rf.6fc83c1ef1264c860155e171cea5b71b.jpg,512,256,Cavity,100,87,145,142
0510_jpg.rf.6fc83c1ef1264c860155e171cea5b71b.jpg,512,256,Cavity,321,75,341,125
0605_jpg.rf.6d6352b6391a8410bed4de7a9f6f1466.jpg,512,256,Cavity,332,117,361,154
0144_jpg.rf.729757d2566b80315ced40ed976f043d.jpg,512,256,Cavity,145,58,171,93
0144_jpg.rf.729757d2566b80315ced40ed976f043d.jpg,512,256,Cavity,303,44,343,87
0789_jpg.rf.6ba027726f0580d54d6635be00468698.jpg,512,256,Cavity,203,101,221,140
0789_jpg.rf.6ba027726f0580d54d6635be00468698.jpg,512,256,Cavity,160,68,194,105
0789_jpg.rf.6ba027726f0580d54d6635be00468698.jpg,512,256,Cavity,221,58,234,86
0465_jpg.rf.72ed7f00b51bb69a0c3272251ad88a9d.jpg,512,256,Cavity,269,105,284,136
0867_jpg.rf.73c9ec2ead9517f8a8e184e2969c9068.jpg,512,256,Cavity,144,75,168,102
0012_jpg.rf.72a1e0ed221d11e2ce6867b15281591c.jpg,512,256,Cavity,350,152,375,181
0012_jpg.rf.72a1e0ed221d11e2ce6867b15281591c.jpg,512,256,Cavity,341,161,362,187
0012_jpg.rf.72a1e0ed221d11e2ce6867b15281591c.jpg,512,256,Cavity,327,161,344,191
0012_jpg.rf.72a1e0ed221d11e2ce6867b15281591c.jpg,512,256,Cavity,312,164,328,193
0012_jpg.rf.72a1e0ed221d11e2ce6867b15281591c.jpg,512,256,Cavity,290,164,313,196
0954_jpg.rf.75b3f8f867717ed8da7f12a6675f3290.jpg,512,256,Cavity,149,148,182,197
0809_jpg.rf.74fd5a9718f2202705cf7bd51d966c4c.jpg,512,256,Cavity,326,100,350,144
0605_jpg.rf.765c56f4b212616b2d7400bc4737b596.jpg,512,256,Cavity,151,117,180,154
0058_jpg.rf.792d1ba8e3ffbb5f97ae217b6ac1ad35.jpg,512,256,Cavity,288,61,309,122
0058_jpg.rf.792d1ba8e3ffbb5f97ae217b6ac1ad35.jpg,512,256,Cavity,323,54,347,110
0851_jpg.rf.7c82ae41dc60570094c97fc2dad2ae19.jpg,512,256,Cavity,164,54,199,94
0851_jpg.rf.7c82ae41dc60570094c97fc2dad2ae19.jpg,512,256,Cavity,212,53,226,91
0851_jpg.rf.7c82ae41dc60570094c97fc2dad2ae19.jpg,512,256,Cavity,215,97,233,138
0120_jpg.rf.7fe3c726c403ebbc1a525332b94460b4.jpg,512,256,Cavity,160,120,184,154
0618_jpg.rf.833d14da0c67c7236fbacee9385f6fb5.jpg,512,256,Cavity,404,106,435,147
0746_jpg.rf.6a691c8dd2e9f0dd2c28601afd27d7ef.jpg,512,256,Cavity,321,75,351,107
0746_jpg.rf.6a691c8dd2e9f0dd2c28601afd27d7ef.jpg,512,256,Cavity,187,69,204,104
0618_jpg.rf.83dff22f16fa6386390ff8bc3b38f336.jpg,512,256,Cavity,77,109,108,150
0125_jpg.rf.8585fb810e48565e1921f49d7454ac44.jpg,512,256,Cavity,137,60,163,92
0510_jpg.rf.83784442c9d736fd170cffeb8fb53c8d.jpg,512,256,Cavity,100,114,145,169
0510_jpg.rf.83784442c9d736fd170cffeb8fb53c8d.jpg,512,256,Cavity,321,131,341,181
0127_jpg.rf.873a19147a4c590209b7223049148158.jpg,512,256,Cavity,323,102,345,155
0242_jpg.rf.8bf46debb096940d320959ed5bd73734.jpg,512,256,Cavity,373,110,397,152
0746_jpg.rf.86d6626f0a4a0951252a8dd96d10a68f.jpg,512,256,Cavity,161,149,191,181
0746_jpg.rf.86d6626f0a4a0951252a8dd96d10a68f.jpg,512,256,Cavity,308,152,325,187
0357_jpg.rf.8ce43e408c5e655117fd8262ff82a0db.jpg,512,256,Cavity,369,138,392,175
0357_jpg.rf.8ce43e408c5e655117fd8262ff82a0db.jpg,512,256,Cavity,225,113,240,161
0889_jpg.rf.8ceefccc204d94491a7eaa08733b6c77.jpg,512,256,Cavity,277,146,286,192
0194_jpg.rf.8c8e80765c51b70bd10aa987c6799bba.jpg,512,256,Cavity,177,152,193,188
0226_jpg.rf.8c646d28e72ade4b47ff9caef4727ff7.jpg,512,256,Cavity,160,70,184,115
0135_jpg.rf.8e570bb3630b3fc116a1a7cc457a3c4b.jpg,512,256,Cavity,348,124,373,161
0446_jpg.rf.8d177ef6d298cbf164ed1fb1a22f25a3.jpg,512,256,Cavity,234,125,244,158
0066_jpg.rf.8e643f1322ae32f174d707ad83120b51.jpg,512,256,Cavity,365,79,399,138
0301_jpg.rf.8d6fe01f54892d0932bbfb7a7c80aff5.jpg,512,256,Cavity,321,162,350,203
0301_jpg.rf.8d6fe01f54892d0932bbfb7a7c80aff5.jpg,512,256,Cavity,361,150,397,185
1000_jpg.rf.8fd4a463d99d0d8f19a0e52095c5aacb.jpg,512,256,Cavity,311,123,324,163
1000_jpg.rf.8fd4a463d99d0d8f19a0e52095c5aacb.jpg,512,256,Cavity,323,126,332,151
0809_jpg.rf.91e746d6f08623400f84f1581bc56d27.jpg,512,256,Cavity,326,112,350,156
0613_jpg.rf.924f949ee8948cab11206535d795d8bb.jpg,512,256,Cavity,168,123,182,163
0574_jpg.rf.95be26e32b3474addaf2ccf7fe49e1cc.jpg,512,256,Cavity,150,82,179,131
0574_jpg.rf.95be26e32b3474addaf2ccf7fe49e1cc.jpg,512,256,Cavity,177,73,195,126
0574_jpg.rf.95be26e32b3474addaf2ccf7fe49e1cc.jpg,512,256,Cavity,181,143,197,195
0574_jpg.rf.95be26e32b3474addaf2ccf7fe49e1cc.jpg,512,256,Cavity,388,99,416,153
0574_jpg.rf.95be26e32b3474addaf2ccf7fe49e1cc.jpg,512,256,Cavity,369,165,386,198
0574_jpg.rf.95be26e32b3474addaf2ccf7fe49e1cc.jpg,512,256,Cavity,126,78,156,137
0574_jpg.rf.95be26e32b3474addaf2ccf7fe49e1cc.jpg,512,256,Cavity,314,162,329,194
0781_jpg.rf.9661e664972783a61174b1c6a1dd82c1.jpg,512,256,Cavity,307,104,325,129
0781_jpg.rf.9661e664972783a61174b1c6a1dd82c1.jpg,512,256,Cavity,295,99,309,137
0781_jpg.rf.9661e664972783a61174b1c6a1dd82c1.jpg,512,256,Cavity,204,158,217,178
0334_jpg.rf.922058dc8f930830a5f01621236cd308.jpg,512,256,Cavity,212,119,230,153
0334_jpg.rf.922058dc8f930830a5f01621236cd308.jpg,512,256,Cavity,175,106,195,147
0434_jpg.rf.983cdb4ed75edf00e84ce2c58c84df49.jpg,512,256,Cavity,169,148,204,184
0954_jpg.rf.9775769ca90fb24787cde4fd59f122e8.jpg,512,256,Cavity,330,148,363,197
0163_jpg.rf.9da3a40d8bb82c6077def7e3dc310a0b.jpg,512,256,Cavity,340,69,376,136
0457_jpg.rf.9c2a8f58db146e6320c0559949d44b55.jpg,512,256,Cavity,220,112,233,156
0457_jpg.rf.9c2a8f58db146e6320c0559949d44b55.jpg,512,256,Cavity,185,114,205,141
0457_jpg.rf.9c2a8f58db146e6320c0559949d44b55.jpg,512,256,Cavity,205,105,218,155
0457_jpg.rf.9c2a8f58db146e6320c0559949d44b55.jpg,512,256,Cavity,183,153,209,198
0457_jpg.rf.9c2a8f58db146e6320c0559949d44b55.jpg,512,256,Cavity,174,122,187,141
0012_jpg.rf.916b7a5c6895228153e732176a50a90b.jpg,512,256,Cavity,350,75,375,104
0012_jpg.rf.916b7a5c6895228153e732176a50a90b.jpg,512,256,Cavity,341,69,362,95
0012_jpg.rf.916b7a5c6895228153e732176a50a90b.jpg,512,256,Cavity,327,65,344,95
0012_jpg.rf.916b7a5c6895228153e732176a50a90b.jpg,512,256,Cavity,312,63,328,92
0012_jpg.rf.916b7a5c6895228153e732176a50a90b.jpg,512,256,Cavity,290,60,313,92
0553_jpg.rf.9d1a56f945c6f185001634defb87ccba.jpg,512,256,Cavity,204,149,217,186
0553_jpg.rf.9d1a56f945c6f185001634defb87ccba.jpg,512,256,Cavity,331,161,347,191
0553_jpg.rf.9d1a56f945c6f185001634defb87ccba.jpg,512,256,Cavity,347,163,361,191
0821_jpg.rf.9ef678036bafc646003efae18508adb6.jpg,512,256,Cavity,110,90,155,133
0308_jpg.rf.8ed4e3ef4af2ccafcaf99db78302f0a8.jpg,512,256,Cavity,159,68,189,111
0308_jpg.rf.8ed4e3ef4af2ccafcaf99db78302f0a8.jpg,512,256,Cavity,198,114,213,153
0801_jpg.rf.9e02cb5131b57e04be75c1aa31e7fb30.jpg,512,256,Cavity,312,151,336,181
0801_jpg.rf.9e02cb5131b57e04be75c1aa31e7fb30.jpg,512,256,Cavity,335,152,359,183
0127_jpg.rf.a1a7906e3b863eac81ba9fbd0606e64f.jpg,512,256,Cavity,167,101,189,154
0642_jpg.rf.a1d114d217f5cd69e397fb1e2ce29e62.jpg,512,256,Cavity,138,158,186,200
0642_jpg.rf.a1d114d217f5cd69e397fb1e2ce29e62.jpg,512,256,Cavity,211,160,229,207
0642_jpg.rf.a1d114d217f5cd69e397fb1e2ce29e62.jpg,512,256,Cavity,275,119,289,151
0642_jpg.rf.a1d114d217f5cd69e397fb1e2ce29e62.jpg,512,256,Cavity,289,114,301,152
0642_jpg.rf.a1d114d217f5cd69e397fb1e2ce29e62.jpg,512,256,Cavity,301,113,315,153
0642_jpg.rf.a1d114d217f5cd69e397fb1e2ce29e62.jpg,512,256,Cavity,309,159,325,202
0120_jpg.rf.a2613fc285ab4414eef4285dc6ce88ad.jpg,512,256,Cavity,160,102,184,136
0457_jpg.rf.a11cb0d4e984d1151890f96716037f24.jpg,512,256,Cavity,220,100,233,144
0457_jpg.rf.a11cb0d4e984d1151890f96716037f24.jpg,512,256,Cavity,185,115,205,142
0457_jpg.rf.a11cb0d4e984d1151890f96716037f24.jpg,512,256,Cavity,205,101,218,151
0457_jpg.rf.a11cb0d4e984d1151890f96716037f24.jpg,512,256,Cavity,183,58,209,103
0457_jpg.rf.a11cb0d4e984d1151890f96716037f24.jpg,512,256,Cavity,174,115,187,134
0956_jpg.rf.a03e9983219119d4455e71600c9dce33.jpg,512,256,Cavity,106,118,133,159
0942_jpg.rf.a14f1fed95c2e82468c8b95c0c5c9da5.jpg,512,256,Cavity,339,123,385,180
0942_jpg.rf.a14f1fed95c2e82468c8b95c0c5c9da5.jpg,512,256,Cavity,171,80,183,122
0867_jpg.rf.a167e49899837df88407dcca1d3fd14f.jpg,512,256,Cavity,144,154,168,181
0810_jpg.rf.2b5244ba6cd3ac2ad80b65800422a1db.jpg,512,256,Cavity,309,183,334,211
0712_jpg.rf.2bf1e24d871d5f4bf68d2c93d7fdd67a.jpg,512,256,Cavity,352,137,390,170
0712_jpg.rf.2bf1e24d871d5f4bf68d2c93d7fdd67a.jpg,512,256,Cavity,330,143,342,179
0712_jpg.rf.2bf1e24d871d5f4bf68d2c93d7fdd67a.jpg,512,256,Cavity,314,146,330,179
0712_jpg.rf.2bf1e24d871d5f4bf68d2c93d7fdd67a.jpg,512,256,Cavity,299,151,314,183
0712_jpg.rf.2bf1e24d871d5f4bf68d2c93d7fdd67a.jpg,512,256,Cavity,272,147,290,196
0712_jpg.rf.2bf1e24d871d5f4bf68d2c93d7fdd67a.jpg,512,256,Cavity,287,147,300,191
0712_jpg.rf.2bf1e24d871d5f4bf68d2c93d7fdd67a.jpg,512,256,Cavity,213,99,227,139
0712_jpg.rf.2bf1e24d871d5f4bf68d2c93d7fdd67a.jpg,512,256,Cavity,194,154,210,176
0712_jpg.rf.2bf1e24d871d5f4bf68d2c93d7fdd67a.jpg,512,256,Cavity,172,139,187,163
0712_jpg.rf.2bf1e24d871d5f4bf68d2c93d7fdd67a.jpg,512,256,Cavity,127,128,146,158
0712_jpg.rf.2bf1e24d871d5f4bf68d2c93d7fdd67a.jpg,512,256,Cavity,217,155,234,194
0712_jpg.rf.2bf1e24d871d5f4bf68d2c93d7fdd67a.jpg,512,256,Cavity,279,95,298,145
0712_jpg.rf.2bf1e24d871d5f4bf68d2c93d7fdd67a.jpg,512,256,Cavity,254,145,266,185
0712_jpg.rf.2bf1e24d871d5f4bf68d2c93d7fdd67a.jpg,512,256,Cavity,243,146,256,184
0712_jpg.rf.2bf1e24d871d5f4bf68d2c93d7fdd67a.jpg,512,256,Cavity,265,157,272,179
0712_jpg.rf.2bf1e24d871d5f4bf68d2c93d7fdd67a.jpg,512,256,Cavity,257,113,266,138
0712_jpg.rf.2bf1e24d871d5f4bf68d2c93d7fdd67a.jpg,512,256,Cavity,185,146,199,168
0712_jpg.rf.2bf1e24d871d5f4bf68d2c93d7fdd67a.jpg,512,256,Cavity,238,112,251,139
0712_jpg.rf.2bf1e24d871d5f4bf68d2c93d7fdd67a.jpg,512,256,Cavity,267,114,278,138
0457_jpg.rf.2f669249ff4824794de1216e2b13342d.jpg,512,256,Cavity,279,100,292,144
0457_jpg.rf.2f669249ff4824794de1216e2b13342d.jpg,512,256,Cavity,307,115,327,142
0457_jpg.rf.2f669249ff4824794de1216e2b13342d.jpg,512,256,Cavity,294,101,307,151
0457_jpg.rf.2f669249ff4824794de1216e2b13342d.jpg,512,256,Cavity,303,58,329,103
0457_jpg.rf.2f669249ff4824794de1216e2b13342d.jpg,512,256,Cavity,325,115,338,134
0942_jpg.rf.30a1ca2535227dcafb877f865f94f4ca.jpg,512,256,Cavity,339,76,385,133
0942_jpg.rf.30a1ca2535227dcafb877f865f94f4ca.jpg,512,256,Cavity,171,134,183,176
0510_jpg.rf.30c7c3de457ed7d08c8913526206519e.jpg,512,256,Cavity,367,87,412,142
0510_jpg.rf.30c7c3de457ed7d08c8913526206519e.jpg,512,256,Cavity,171,75,191,125
0211_jpg.rf.315ce8741ca53a57b4c5b40f4a3d4045.jpg,512,256,Cavity,273,66,294,97
0211_jpg.rf.315ce8741ca53a57b4c5b40f4a3d4045.jpg,512,256,Cavity,299,109,317,159
0461_jpg.rf.32aac00098e9e74ae07b55e543a0d3ff.jpg,512,256,Cavity,314,157,332,175
0461_jpg.rf.32aac00098e9e74ae07b55e543a0d3ff.jpg,512,256,Cavity,155,138,176,161
0461_jpg.rf.32aac00098e9e74ae07b55e543a0d3ff.jpg,512,256,Cavity,166,145,198,171
0461_jpg.rf.32aac00098e9e74ae07b55e543a0d3ff.jpg,512,256,Cavity,170,72,196,124
0461_jpg.rf.32aac00098e9e74ae07b55e543a0d3ff.jpg,512,256,Cavity,294,144,317,195
0639_jpg.rf.3285b61e8666856937bac53219c6fbe0.jpg,512,256,Cavity,88,100,122,144
0352_jpg.rf.33c4be8d62b65e3fa545cf76fae52663.jpg,512,256,Cavity,143,130,177,192
0352_jpg.rf.33c4be8d62b65e3fa545cf76fae52663.jpg,512,256,Cavity,188,69,206,129
0352_jpg.rf.33c4be8d62b65e3fa545cf76fae52663.jpg,512,256,Cavity,113,129,146,184
0907_jpg.rf.3504f3a6d01fadf17752762a1eb35364.jpg,512,256,Cavity,211,151,223,197
0893_jpg.rf.31f8d570fad68e7040c91a89f6a3df4b.jpg,512,256,Cavity,314,57,346,110
0603_jpg.rf.3578c6ef8b72f84749c3e1f552683eab.jpg,512,256,Cavity,241,89,258,135
0603_jpg.rf.3578c6ef8b72f84749c3e1f552683eab.jpg,512,256,Cavity,258,91,276,136
0603_jpg.rf.3578c6ef8b72f84749c3e1f552683eab.jpg,512,256,Cavity,226,87,242,134
0603_jpg.rf.3578c6ef8b72f84749c3e1f552683eab.jpg,512,256,Cavity,159,140,189,180
0588_jpg.rf.361dcb36324e52a53c0740bcc62614f9.jpg,512,256,Cavity,125,137,155,195
0588_jpg.rf.361dcb36324e52a53c0740bcc62614f9.jpg,512,256,Cavity,122,71,157,134
0588_jpg.rf.361dcb36324e52a53c0740bcc62614f9.jpg,512,256,Cavity,322,78,361,142
0851_jpg.rf.3869e4ab035ca32feed7c419ecb1871b.jpg,512,256,Cavity,164,162,199,202
0851_jpg.rf.3869e4ab035ca32feed7c419ecb1871b.jpg,512,256,Cavity,212,165,226,203
0851_jpg.rf.3869e4ab035ca32feed7c419ecb1871b.jpg,512,256,Cavity,215,118,233,160
0088_jpg.rf.393ad657fdcbe72c064d52c946f52737.jpg,512,256,Cavity,357,58,388,105
0088_jpg.rf.393ad657fdcbe72c064d52c946f52737.jpg,512,256,Cavity,313,121,333,162
0308_jpg.rf.39bfefbd46345a3821ecb4c7a60ec85d.jpg,512,256,Cavity,323,68,353,111
0308_jpg.rf.39bfefbd46345a3821ecb4c7a60ec85d.jpg,512,256,Cavity,299,114,314,153
0911_jpg.rf.3b738b304460ae0e53ebd910801e8445.jpg,512,256,Cavity,221,120,239,183
0911_jpg.rf.3b738b304460ae0e53ebd910801e8445.jpg,512,256,Cavity,239,120,262,187
0911_jpg.rf.3b738b304460ae0e53ebd910801e8445.jpg,512,256,Cavity,127,62,161,115
0509_jpg.rf.3caceb5dbf28b366cf74910cae538326.jpg,512,256,Cavity,357,74,398,114
0509_jpg.rf.3caceb5dbf28b366cf74910cae538326.jpg,512,256,Cavity,337,126,359,168
0033_jpg.rf.3999c2ac8092e944a0d32b5716ad7162.jpg,512,256,Cavity,218,48,231,88
0033_jpg.rf.3999c2ac8092e944a0d32b5716ad7162.jpg,512,256,Cavity,184,61,197,97
0793_jpg.rf.38f0acfea23515c4440c443e6fb17e89.jpg,512,256,Cavity,105,71,134,122
0793_jpg.rf.38f0acfea23515c4440c443e6fb17e89.jpg,512,256,Cavity,376,71,403,124
0167_jpg.rf.3e057d58f1887cf8142150debf336cf7.jpg,512,256,Cavity,331,107,370,149
0167_jpg.rf.3e057d58f1887cf8142150debf336cf7.jpg,512,256,Cavity,202,97,214,135
0088_jpg.rf.3bc42301f927e6216153339fc539bfdd.jpg,512,256,Cavity,124,151,155,198
0088_jpg.rf.3bc42301f927e6216153339fc539bfdd.jpg,512,256,Cavity,179,94,199,135
0550_jpg.rf.3ff603df82c180d448dd6e79e655f234.jpg,512,256,Cavity,139,122,153,148
0550_jpg.rf.3ff603df82c180d448dd6e79e655f234.jpg,512,256,Cavity,153,123,168,147
0550_jpg.rf.3ff603df82c180d448dd6e79e655f234.jpg,512,256,Cavity,286,123,299,162
0550_jpg.rf.3ff603df82c180d448dd6e79e655f234.jpg,512,256,Cavity,300,117,314,159
0352_jpg.rf.3e2a868ce6e6b1ad410c236156cb260c.jpg,512,256,Cavity,335,64,369,126
0352_jpg.rf.3e2a868ce6e6b1ad410c236156cb260c.jpg,512,256,Cavity,306,127,324,187
0352_jpg.rf.3e2a868ce6e6b1ad410c236156cb260c.jpg,512,256,Cavity,366,72,399,127
0194_jpg.rf.3fa08ba5eb780e87abe9054d5c262513.jpg,512,256,Cavity,319,152,335,188
0907_jpg.rf.41ef693cd2285c238924c689f6cb57f2.jpg,512,256,Cavity,289,151,301,197
0400_jpg.rf.43874f272128dcc1b112031537f982e8.jpg,512,256,Cavity,172,122,191,164
0400_jpg.rf.43874f272128dcc1b112031537f982e8.jpg,512,256,Cavity,127,75,159,117
0400_jpg.rf.43874f272128dcc1b112031537f982e8.jpg,512,256,Cavity,361,71,399,114
0400_jpg.rf.43874f272128dcc1b112031537f982e8.jpg,512,256,Cavity,221,60,247,104
0675_jpg.rf.42f4255efb02410004618f5f2d5719b0.jpg,512,256,Cavity,265,134,284,176
0226_jpg.rf.47020584758fe234df43cc5f6d57420a.jpg,512,256,Cavity,160,141,184,186
0012_jpg.rf.4b11c696273493e2cbf801072ae9633a.jpg,512,256,Cavity,137,75,162,104
0012_jpg.rf.4b11c696273493e2cbf801072ae9633a.jpg,512,256,Cavity,150,69,171,95
0012_jpg.rf.4b11c696273493e2cbf801072ae9633a.jpg,512,256,Cavity,168,65,185,95
0012_jpg.rf.4b11c696273493e2cbf801072ae9633a.jpg,512,256,Cavity,184,63,200,92
0012_jpg.rf.4b11c696273493e2cbf801072ae9633a.jpg,512,256,Cavity,199,60,222,92
0613_jpg.rf.442a5b8b560071b492d7ce90dd805054.jpg,512,256,Cavity,330,93,344,133
0685_jpg.rf.5158862f30aef846f758266f86f960f1.jpg,512,256,Cavity,351,132,371,163
0170_jpg.rf.4fd8f8e6179d4c147396b5dfa63fb65e.jpg,512,256,Cavity,177,56,195,98
0170_jpg.rf.4fd8f8e6179d4c147396b5dfa63fb65e.jpg,512,256,Cavity,196,54,210,98
0170_jpg.rf.4fd8f8e6179d4c147396b5dfa63fb65e.jpg,512,256,Cavity,174,103,196,155
0170_jpg.rf.4fd8f8e6179d4c147396b5dfa63fb65e.jpg,512,256,Cavity,311,70,329,98
0170_jpg.rf.4fd8f8e6179d4c147396b5dfa63fb65e.jpg,512,256,Cavity,273,49,292,111
0170_jpg.rf.4fd8f8e6179d4c147396b5dfa63fb65e.jpg,512,256,Cavity,201,116,216,162
0036_jpg.rf.553118cbeb44d1f8861e1a250b21e883.jpg,512,256,Cavity,372,92,403,129
0036_jpg.rf.553118cbeb44d1f8861e1a250b21e883.jpg,512,256,Cavity,139,144,172,192
0392_jpg.rf.55e6aa8f9ce327a7abead14f456dfdc5.jpg,512,256,Cavity,303,150,318,177
0392_jpg.rf.55e6aa8f9ce327a7abead14f456dfdc5.jpg,512,256,Cavity,155,99,181,127
0392_jpg.rf.55e6aa8f9ce327a7abead14f456dfdc5.jpg,512,256,Cavity,175,102,198,120
0947_jpg.rf.56f9b1a9c440fffc1a41a1d3179c0e23.jpg,512,256,Cavity,141,115,167,160
0851_jpg.rf.566f3a33ecbf64389e37df253cb889bb.jpg,512,256,Cavity,313,54,348,94
0851_jpg.rf.566f3a33ecbf64389e37df253cb889bb.jpg,512,256,Cavity,286,53,300,91
0851_jpg.rf.566f3a33ecbf64389e37df253cb889bb.jpg,512,256,Cavity,279,97,297,138
0850_jpg.rf.587e9be00b86468fa3aa057b3d9a984e.jpg,512,256,Cavity,187,67,204,109
0678_jpg.rf.5b4bbba90b9604b2fc1c26e076b8d2f1.jpg,512,256,Cavity,330,75,363,130
0678_jpg.rf.5b4bbba90b9604b2fc1c26e076b8d2f1.jpg,512,256,Cavity,323,150,337,181
0678_jpg.rf.5b4bbba90b9604b2fc1c26e076b8d2f1.jpg,512,256,Cavity,177,138,196,187
0465_jpg.rf.5e44f54ff84db544d81c42c74ac412a8.jpg,512,256,Cavity,228,105,243,136
0574_jpg.rf.5ea1866accba58be4247686772138322.jpg,512,256,Cavity,150,125,179,174
0574_jpg.rf.5ea1866accba58be4247686772138322.jpg,512,256,Cavity,177,130,195,183
0574_jpg.rf.5ea1866accba58be4247686772138322.jpg,512,256,Cavity,181,61,197,113
0574_jpg.rf.5ea1866accba58be4247686772138322.jpg,512,256,Cavity,388,103,416,157
0574_jpg.rf.5ea1866accba58be4247686772138322.jpg,512,256,Cavity,369,58,386,91
0574_jpg.rf.5ea1866accba58be4247686772138322.jpg,512,256,Cavity,126,119,156,178
0574_jpg.rf.5ea1866accba58be4247686772138322.jpg,512,256,Cavity,314,62,329,94
0603_jpg.rf.5616d563df0af72a8e0124c4df5788bd.jpg,512,256,Cavity,254,121,271,167
0603_jpg.rf.5616d563df0af72a8e0124c4df5788bd.jpg,512,256,Cavity,236,120,254,165
0603_jpg.rf.5616d563df0af72a8e0124c4df5788bd.jpg,512,256,Cavity,270,122,286,169
0603_jpg.rf.5616d563df0af72a8e0124c4df5788bd.jpg,512,256,Cavity,323,76,353,116
0153_jpg.rf.5bf36b7833cea7b771abc5f6f9edc1af.jpg,512,256,Cavity,122,61,150,91
0153_jpg.rf.5bf36b7833cea7b771abc5f6f9edc1af.jpg,512,256,Cavity,195,59,211,88
0052_jpg.rf.5b00148f5fb6c876780ff852de6d2bce.jpg,512,256,Cavity,359,105,390,135
0052_jpg.rf.5b00148f5fb6c876780ff852de6d2bce.jpg,512,256,Cavity,338,133,369,190
0052_jpg.rf.5b00148f5fb6c876780ff852de6d2bce.jpg,512,256,Cavity,90,101,128,147
0550_jpg.rf.5f80702e45fa1c707bc139d056948100.jpg,512,256,Cavity,359,122,373,148
0550_jpg.rf.5f80702e45fa1c707bc139d056948100.jpg,512,256,Cavity,344,123,359,147
0550_jpg.rf.5f80702e45fa1c707bc139d056948100.jpg,512,256,Cavity,213,123,226,162
0550_jpg.rf.5f80702e45fa1c707bc139d056948100.jpg,512,256,Cavity,198,117,212,159
0685_jpg.rf.5bb224ce77b968f04822bedaa1a0db67.jpg,512,256,Cavity,141,132,161,163
0125_jpg.rf.611a6542904a88732612ab2a9bbce287.jpg,512,256,Cavity,349,60,375,92
0710_jpg.rf.62e7fbbb30188fea6e4ded14efc024ed.jpg,512,256,Cavity,284,45,305,112
0118_jpg.rf.6107c3c12cc076209dd34827336fbc89.jpg,512,256,Cavity,216,114,231,151
0533_jpg.rf.a30f0a5de7ea37cc0de7101d67e3437c.jpg,512,256,Cavity,290,125,313,171
0066_jpg.rf.a408903c6d356ce858f8922f1f0b67e1.jpg,512,256,Cavity,113,118,147,177
0219_jpg.rf.a63633f5d9b7666dd62a0592d68d9d01.jpg,512,256,Cavity,214,58,227,90
0219_jpg.rf.a63633f5d9b7666dd62a0592d68d9d01.jpg,512,256,Cavity,226,64,240,93
0400_jpg.rf.a6b1f6ab8fa5be020dbb72193dcd4208.jpg,512,256,Cavity,172,92,191,134
0400_jpg.rf.a6b1f6ab8fa5be020dbb72193dcd4208.jpg,512,256,Cavity,127,139,159,181
0400_jpg.rf.a6b1f6ab8fa5be020dbb72193dcd4208.jpg,512,256,Cavity,361,142,399,185
0400_jpg.rf.a6b1f6ab8fa5be020dbb72193dcd4208.jpg,512,256,Cavity,221,152,247,196
0266_jpg.rf.a8b17e3a8803552a4611c663cacb20c2.jpg,512,256,Cavity,367,99,396,152
0266_jpg.rf.a8b17e3a8803552a4611c663cacb20c2.jpg,512,256,Cavity,342,95,369,137
0266_jpg.rf.a8b17e3a8803552a4611c663cacb20c2.jpg,512,256,Cavity,311,85,328,140
0266_jpg.rf.a8b17e3a8803552a4611c663cacb20c2.jpg,512,256,Cavity,295,83,311,141
0266_jpg.rf.a8b17e3a8803552a4611c663cacb20c2.jpg,512,256,Cavity,350,155,375,181
0266_jpg.rf.a8b17e3a8803552a4611c663cacb20c2.jpg,512,256,Cavity,388,154,403,183
0054_jpg.rf.ab25b1d07817e736bc7baa6bffbaf4d7.jpg,512,256,Cavity,298,148,329,199
0947_jpg.rf.ad5698df1fd26668334dfdf85afff5bf.jpg,512,256,Cavity,141,96,167,141
0512_jpg.rf.b14401c8c9c27ef66c28bb0808e00127.jpg,512,256,Cavity,122,58,159,103
0512_jpg.rf.b14401c8c9c27ef66c28bb0808e00127.jpg,512,256,Cavity,198,111,217,162
0512_jpg.rf.b14401c8c9c27ef66c28bb0808e00127.jpg,512,256,Cavity,293,108,313,160
0166_jpg.rf.b1095ba856cad292ada26764888ccc75.jpg,512,256,Cavity,354,68,371,93
0166_jpg.rf.b1095ba856cad292ada26764888ccc75.jpg,512,256,Cavity,300,64,313,93
0166_jpg.rf.b1095ba856cad292ada26764888ccc75.jpg,512,256,Cavity,311,107,327,148
0166_jpg.rf.b1095ba856cad292ada26764888ccc75.jpg,512,256,Cavity,342,67,361,91
0334_jpg.rf.afba46dfc2e8db43b86eaefe0c9c5b06.jpg,512,256,Cavity,212,103,230,137
0334_jpg.rf.afba46dfc2e8db43b86eaefe0c9c5b06.jpg,512,256,Cavity,175,109,195,150
0550_jpg.rf.b53b49c41fc9b7eb9d9ae5ab0d4b47b4.jpg,512,256,Cavity,359,108,373,134
0550_jpg.rf.b53b49c41fc9b7eb9d9ae5ab0d4b47b4.jpg,512,256,Cavity,344,109,359,133
0550_jpg.rf.b53b49c41fc9b7eb9d9ae5ab0d4b47b4.jpg,512,256,Cavity,213,94,226,133
0550_jpg.rf.b53b49c41fc9b7eb9d9ae5ab0d4b47b4.jpg,512,256,Cavity,198,97,212,139
0517_jpg.rf.af1de2f7fa5285a459f1e0dbfcbb2b1f.jpg,512,256,Cavity,191,55,210,91
0517_jpg.rf.af1de2f7fa5285a459f1e0dbfcbb2b1f.jpg,512,256,Cavity,275,49,311,106
0167_jpg.rf.b56a7f5ee06bf58e0ffe96ce2b975d06.jpg,512,256,Cavity,142,107,181,149
0167_jpg.rf.b56a7f5ee06bf58e0ffe96ce2b975d06.jpg,512,256,Cavity,298,97,310,135
0642_jpg.rf.b7ca331ca6495ab465a757b2aa856c9c.jpg,512,256,Cavity,138,56,186,98
0642_jpg.rf.b7ca331ca6495ab465a757b2aa856c9c.jpg,512,256,Cavity,211,49,229,96
0642_jpg.rf.b7ca331ca6495ab465a757b2aa856c9c.jpg,512,256,Cavity,275,105,289,137
0642_jpg.rf.b7ca331ca6495ab465a757b2aa856c9c.jpg,512,256,Cavity,289,104,301,143
0642_jpg.rf.b7ca331ca6495ab465a757b2aa856c9c.jpg,512,256,Cavity,301,103,315,143
0642_jpg.rf.b7ca331ca6495ab465a757b2aa856c9c.jpg,512,256,Cavity,309,54,325,97
0055_jpg.rf.b7fdd4f26ba9730b77bbe80dd7b1588c.jpg,512,256,Cavity,363,148,387,200
0055_jpg.rf.b7fdd4f26ba9730b77bbe80dd7b1588c.jpg,512,256,Cavity,140,140,166,197
0054_jpg.rf.b81c1de4282e2881bc92f9d5b6ca106f.jpg,512,256,Cavity,298,57,329,108
0588_jpg.rf.b8c5f3ea51a709a2ce6b81d09cefd02f.jpg,512,256,Cavity,125,61,155,119
0588_jpg.rf.b8c5f3ea51a709a2ce6b81d09cefd02f.jpg,512,256,Cavity,122,122,157,185
0588_jpg.rf.b8c5f3ea51a709a2ce6b81d09cefd02f.jpg,512,256,Cavity,322,114,361,178
0666_jpg.rf.bd372e00d4a9cef3e2d9604a8bec8100.jpg,512,256,Cavity,271,112,288,160
0166_jpg.rf.bb9982d8c962418d340d30dec2df8e8a.jpg,512,256,Cavity,141,163,158,188
0166_jpg.rf.bb9982d8c962418d340d30dec2df8e8a.jpg,512,256,Cavity,199,163,212,192
0166_jpg.rf.bb9982d8c962418d340d30dec2df8e8a.jpg,512,256,Cavity,185,108,201,149
0166_jpg.rf.bb9982d8c962418d340d30dec2df8e8a.jpg,512,256,Cavity,151,165,170,189
0291_jpg.rf.beb0d60e74991813ed9a3434d030cce1.jpg,512,256,Cavity,287,64,305,120
0291_jpg.rf.beb0d60e74991813ed9a3434d030cce1.jpg,512,256,Cavity,333,92,343,128
0291_jpg.rf.beb0d60e74991813ed9a3434d030cce1.jpg,512,256,Cavity,308,131,321,167
0291_jpg.rf.beb0d60e74991813ed9a3434d030cce1.jpg,512,256,Cavity,261,69,275,115
0291_jpg.rf.beb0d60e74991813ed9a3434d030cce1.jpg,512,256,Cavity,153,85,177,135
0291_jpg.rf.beb0d60e74991813ed9a3434d030cce1.jpg,512,256,Cavity,174,86,203,117
0291_jpg.rf.beb0d60e74991813ed9a3434d030cce1.jpg,512,256,Cavity,323,98,336,126
0291_jpg.rf.beb0d60e74991813ed9a3434d030cce1.jpg,512,256,Cavity,311,87,331,117
0291_jpg.rf.beb0d60e74991813ed9a3434d030cce1.jpg,512,256,Cavity,303,87,316,115
0291_jpg.rf.beb0d60e74991813ed9a3434d030cce1.jpg,512,256,Cavity,291,129,307,179
0291_jpg.rf.beb0d60e74991813ed9a3434d030cce1.jpg,512,256,Cavity,319,138,336,160
0219_jpg.rf.c0c803275c7d1c3e775eba2672b26b08.jpg,512,256,Cavity,285,166,298,198
0219_jpg.rf.c0c803275c7d1c3e775eba2672b26b08.jpg,512,256,Cavity,272,163,286,192
0291_jpg.rf.bfc887aafd0d7c6492d25a022018f8ed.jpg,512,256,Cavity,207,64,225,120
0291_jpg.rf.bfc887aafd0d7c6492d25a022018f8ed.jpg,512,256,Cavity,169,92,179,128
0291_jpg.rf.bfc887aafd0d7c6492d25a022018f8ed.jpg,512,256,Cavity,191,131,204,167
0291_jpg.rf.bfc887aafd0d7c6492d25a022018f8ed.jpg,512,256,Cavity,237,69,251,115
0291_jpg.rf.bfc887aafd0d7c6492d25a022018f8ed.jpg,512,256,Cavity,335,85,359,135
0291_jpg.rf.bfc887aafd0d7c6492d25a022018f8ed.jpg,512,256,Cavity,309,86,338,117
0291_jpg.rf.bfc887aafd0d7c6492d25a022018f8ed.jpg,512,256,Cavity,176,98,189,126
0291_jpg.rf.bfc887aafd0d7c6492d25a022018f8ed.jpg,512,256,Cavity,181,87,201,117
0291_jpg.rf.bfc887aafd0d7c6492d25a022018f8ed.jpg,512,256,Cavity,196,87,209,115
0291_jpg.rf.bfc887aafd0d7c6492d25a022018f8ed.jpg,512,256,Cavity,205,129,221,179
0291_jpg.rf.bfc887aafd0d7c6492d25a022018f8ed.jpg,512,256,Cavity,176,138,193,160
0052_jpg.rf.c2fd5f08f3b4c5f786c635ce13f517fd.jpg,512,256,Cavity,359,121,390,151
0052_jpg.rf.c2fd5f08f3b4c5f786c635ce13f517fd.jpg,512,256,Cavity,338,66,369,123
0052_jpg.rf.c2fd5f08f3b4c5f786c635ce13f517fd.jpg,512,256,Cavity,90,109,128,155
0603_jpg.rf.c4b40ea61b53514be7f0c797a42e3292.jpg,512,256,Cavity,254,89,271,135
0603_jpg.rf.c4b40ea61b53514be7f0c797a42e3292.jpg,512,256,Cavity,236,91,254,136
0603_jpg.rf.c4b40ea61b53514be7f0c797a42e3292.jpg,512,256,Cavity,270,87,286,134
0603_jpg.rf.c4b40ea61b53514be7f0c797a42e3292.jpg,512,256,Cavity,323,140,353,180
0943_jpg.rf.c4532e45aad7c0daf7ee10b1a18972be.jpg,512,256,Cavity,223,167,236,208
0943_jpg.rf.c4532e45aad7c0daf7ee10b1a18972be.jpg,512,256,Cavity,209,176,222,213
0943_jpg.rf.c4532e45aad7c0daf7ee10b1a18972be.jpg,512,256,Cavity,194,172,211,211
0943_jpg.rf.c4532e45aad7c0daf7ee10b1a18972be.jpg,512,256,Cavity,346,121,368,151
0943_jpg.rf.c4532e45aad7c0daf7ee10b1a18972be.jpg,512,256,Cavity,310,164,342,205
0943_jpg.rf.c4532e45aad7c0daf7ee10b1a18972be.jpg,512,256,Cavity,144,163,181,199
0301_jpg.rf.c6352591bd1959de9ed6f9927356ce63.jpg,512,256,Cavity,162,53,191,94
0301_jpg.rf.c6352591bd1959de9ed6f9927356ce63.jpg,512,256,Cavity,115,71,151,106
0211_jpg.rf.bed4a07546bcc89b5b34e70fdf6231d1.jpg,512,256,Cavity,273,159,294,190
0211_jpg.rf.bed4a07546bcc89b5b34e70fdf6231d1.jpg,512,256,Cavity,299,97,317,147
0434_jpg.rf.c5c0f83f3bc9d3c4fda25f3ba6878ccf.jpg,512,256,Cavity,308,148,343,184
0400_jpg.rf.c9831f936c49960b58d4bb89c994f475.jpg,512,256,Cavity,321,122,340,164
0400_jpg.rf.c9831f936c49960b58d4bb89c994f475.jpg,512,256,Cavity,353,75,385,117
0400_jpg.rf.c9831f936c49960b58d4bb89c994f475.jpg,512,256,Cavity,113,71,151,114
0400_jpg.rf.c9831f936c49960b58d4bb89c994f475.jpg,512,256,Cavity,265,60,291,104
0517_jpg.rf.cabfbd2da18cdb33a23647dc9007d40e.jpg,512,256,Cavity,302,55,321,91
0517_jpg.rf.cabfbd2da18cdb33a23647dc9007d40e.jpg,512,256,Cavity,201,49,237,106
0867_jpg.rf.cb9ce537626e49dfc1ccc2c8f26caf15.jpg,512,256,Cavity,344,75,368,102
0144_jpg.rf.cd944654cce9d06bc7f31dcec922ee29.jpg,512,256,Cavity,145,163,171,198
0144_jpg.rf.cd944654cce9d06bc7f31dcec922ee29.jpg,512,256,Cavity,303,169,343,212
0242_jpg.rf.c6d5aa8ee1ae3990d0e189766db9dc36.jpg,512,256,Cavity,115,104,139,146
0393_jpg.rf.c74101e2b81ee63f680c8ed1065bcab0.jpg,512,256,Cavity,342,57,378,115
0393_jpg.rf.c74101e2b81ee63f680c8ed1065bcab0.jpg,512,256,Cavity,139,66,162,104
1000_jpg.rf.c9dd4b2cf2f9c945b8d1921990531852.jpg,512,256,Cavity,188,123,201,163
1000_jpg.rf.c9dd4b2cf2f9c945b8d1921990531852.jpg,512,256,Cavity,180,126,189,151
0118_jpg.rf.cda3785ae741327e12e5adf3700d99d0.jpg,512,256,Cavity,216,105,231,142
0956_jpg.rf.d0e0165e4ad9cc343c14b146ca6357fa.jpg,512,256,Cavity,106,97,133,138
0266_jpg.rf.d2cc38bf7a1457bff27c16b207909504.jpg,512,256,Cavity,367,104,396,157
0266_jpg.rf.d2cc38bf7a1457bff27c16b207909504.jpg,512,256,Cavity,342,119,369,161
0266_jpg.rf.d2cc38bf7a1457bff27c16b207909504.jpg,512,256,Cavity,311,116,328,171
0266_jpg.rf.d2cc38bf7a1457bff27c16b207909504.jpg,512,256,Cavity,295,115,311,173
0266_jpg.rf.d2cc38bf7a1457bff27c16b207909504.jpg,512,256,Cavity,350,75,375,101
0266_jpg.rf.d2cc38bf7a1457bff27c16b207909504.jpg,512,256,Cavity,388,73,403,102
0242_jpg.rf.d1a2bb76d8121be65ee2e8a97049ea34.jpg,512,256,Cavity,373,104,397,146
0166_jpg.rf.d6683d3999b822a113d995f6601d31b4.jpg,512,256,Cavity,141,68,158,93
0166_jpg.rf.d6683d3999b822a113d995f6601d31b4.jpg,512,256,Cavity,199,64,212,93
0166_jpg.rf.d6683d3999b822a113d995f6601d31b4.jpg,512,256,Cavity,185,107,201,148
0166_jpg.rf.d6683d3999b822a113d995f6601d31b4.jpg,512,256,Cavity,151,67,170,91
0801_jpg.rf.d76f0a61443e5137ce696974474d228a.jpg,512,256,Cavity,176,151,200,181
0801_jpg.rf.d76f0a61443e5137ce696974474d228a.jpg,512,256,Cavity,153,152,177,183
0947_jpg.rf.d282becb8d08dc053124903325deb986.jpg,512,256,Cavity,345,96,371,141
0427_jpg.rf.cf7f772feaa1e2941bd0017666136580.jpg,512,256,Cavity,222,140,238,200
0427_jpg.rf.cf7f772feaa1e2941bd0017666136580.jpg,512,256,Cavity,202,139,221,205
0509_jpg.rf.dbd6d10852757ba6bfb8d59fcca224b4.jpg,512,256,Cavity,357,142,398,182
0509_jpg.rf.dbd6d10852757ba6bfb8d59fcca224b4.jpg,512,256,Cavity,337,88,359,130
0517_jpg.rf.d339dba394f260a940c712a15864b05f.jpg,512,256,Cavity,302,165,321,201
0517_jpg.rf.d339dba394f260a940c712a15864b05f.jpg,512,256,Cavity,201,150,237,207
0678_jpg.rf.dcfcbd8824ae9a30d478e77dc7aa6000.jpg,512,256,Cavity,149,75,182,130
0678_jpg.rf.dcfcbd8824ae9a30d478e77dc7aa6000.jpg,512,256,Cavity,175,150,189,181
0678_jpg.rf.dcfcbd8824ae9a30d478e77dc7aa6000.jpg,512,256,Cavity,316,138,335,187
0352_jpg.rf.dd9825dd0befffc74f8a5886049c2b2b.jpg,512,256,Cavity,335,130,369,192
0352_jpg.rf.dd9825dd0befffc74f8a5886049c2b2b.jpg,512,256,Cavity,306,69,324,129
0352_jpg.rf.dd9825dd0befffc74f8a5886049c2b2b.jpg,512,256,Cavity,366,129,399,184
0392_jpg.rf.dee79984bf2a03bfd40508d61dcd0b51.jpg,512,256,Cavity,303,79,318,106
0392_jpg.rf.dee79984bf2a03bfd40508d61dcd0b51.jpg,512,256,Cavity,155,129,181,157
0392_jpg.rf.dee79984bf2a03bfd40508d61dcd0b51.jpg,512,256,Cavity,175,136,198,154
0768_jpg.rf.d44ff098dca65107ab4d68f453ce1471.jpg,512,256,Cavity,393,93,427,155
0768_jpg.rf.d44ff098dca65107ab4d68f453ce1471.jpg,512,256,Cavity,96,44,120,101
0768_jpg.rf.d44ff098dca65107ab4d68f453ce1471.jpg,512,256,Cavity,118,36,142,94
0768_jpg.rf.d44ff098dca65107ab4d68f453ce1471.jpg,512,256,Cavity,375,38,398,98
0533_jpg.rf.df5ac7e2944cc2b2b3856912ca3e733a.jpg,512,256,Cavity,199,85,222,131
0256_jpg.rf.d9c4f2e94ef26baed162c5e3e0feab03.jpg,512,256,Cavity,144,145,169,178
0256_jpg.rf.d9c4f2e94ef26baed162c5e3e0feab03.jpg,512,256,Cavity,120,81,158,128
0256_jpg.rf.d9c4f2e94ef26baed162c5e3e0feab03.jpg,512,256,Cavity,100,101,135,143
0256_jpg.rf.d9c4f2e94ef26baed162c5e3e0feab03.jpg,512,256,Cavity,388,142,401,176
0256_jpg.rf.d9c4f2e94ef26baed162c5e3e0feab03.jpg,512,256,Cavity,373,142,390,176
0256_jpg.rf.d9c4f2e94ef26baed162c5e3e0feab03.jpg,512,256,Cavity,356,79,398,126
0256_jpg.rf.d9c4f2e94ef26baed162c5e3e0feab03.jpg,512,256,Cavity,380,97,418,140
0301_jpg.rf.df03dfd545d23f6b819da2e20d5bef58.jpg,512,256,Cavity,162,162,191,203
0301_jpg.rf.df03dfd545d23f6b819da2e20d5bef58.jpg,512,256,Cavity,115,150,151,185
